mu,V0,prob_success
50000,1.6865261,0.9630916666666667
