mu,V0,prob_success
10,1.0075033,0.5934333333333334
100,4.2318425,0.8736
200,5.3819723,0.9418333333333333
500,6.7968698,0.9789666666666667
1000,7.7452717,0.9912666666666666
3000,8.9998865,0.9976333333333334
5000,7.282381,1.0
7500,9.74901,0.9992333333333333
