mu,V0,prob_success
10,0.17807722,0.11217333333333333
100,1.4100534,0.28485333333333335
200,1.5970744,0.49384
500,1.80542,0.7239666666666666
1000,1.9566804,0.8352133333333334
3000,2.1495378,0.9302133333333333
5000,2.24671,0.9586133333333333
7500,2.310303,0.9679733333333334
10000,2.3752077,0.9756733333333333
15000,2.44139,0.9826533333333334
20000,2.5002925,0.98762
