mu,V0,V0_std,prob_success
100,0.4387826,0.23469184,0.00385
1000,1.120745,0.4276626,0.22739
10000,1.3124377,0.6069402,0.699115
50000,1.5865261,0.71069133,0.9630916666666667
75000,1.603967,0.712561,0.9911183333333333
