mu,V0,V0_std,prob_success
100,1.2387826,0.23469184,0.00385
1000,1.520745,0.4276626,0.22739
10000,1.6124377,0.6069402,0.699115
50000,1.6865261,0.71069133,0.9630916666666667
75000,1.7703967,0.712561,0.9911183333333333
