mu,V0,prob_success
100,1.3885669,0.20641333333333334
200,1.5492368,0.41802
500,1.7208501,0.66948
1000,1.8280486,0.7972066666666666
3000,1.9805434,0.9074866666666667
5000,2.0435789,0.9467066666666667
10000,2.1413043,0.97048
20000,2.229706,0.98258
30000,2.2797337,0.9874333333333334
