mu,V0,prob_success
10,0.08609652,0.35649333333333333
100,1.195556,0.06614
200,1.39364,0.20936
500,1.5978245,0.49294
1000,1.7211362,0.6709266666666667
3000,1.8908937,0.8602333333333333
5000,1.9639663,0.8841666666666667
10000,2.0892408,0.9434866666666667
20000,2.1562269,0.9726866666666667
30000,2.2032866,0.97574
50000,2.276737,0.98764
