mu,V0,prob_success
50,0.92760956,0.007833333333333333
100,1.191414,0.05918
200,1.3933424,0.20728
500,1.5976278,0.49116
1000,1.7160587,0.6652866666666667
3000,1.8909985,0.84814
5000,1.9567587,0.8974
10000,2.0560606,0.93626
20000,2.1441004,0.9527866666666667
30000,2.1929193,0.97952
50000,2.2647512,0.98672
