mu,V0,prob_success
10,0.17190759,0.13053333333333333
100,1.4310716,0.4088333333333333
200,1.6207563,0.5196666666666667
500,1.8544786,0.6452333333333333
1000,2.0251327,0.7069
3000,2.2641377,0.8031333333333334
5000,2.3657167,0.8314666666666667
7500,2.4163365,0.8528666666666667
