mu,V0,prob_success
10,0.306658,0.7744
100,1.6382867,0.8120333333333334
200,1.73654,0.8466333333333333
500,4.088455,0.9851666666666666
1000,3.4581692,0.9810333333333333
3000,2.798762,0.8788
5000,3.0947344,0.9771
7500,2.3355145,0.7998333333333333
