mu,V0,prob_success
10,0.2799763,0.0011
100,1.0691195,0.16436666666666666
500,1.4504851,0.5770333333333333
1000,1.5741123,0.7263
3000,1.7502253,0.866
5000,1.8800908,0.9295
7500,1.9503553,0.943
15000,1.988299,0.9719666666666666
