mu,V0,prob_success
10,0.19987582,0.13693333333333332
100,1.2146633,0.28436666666666666
200,1.5851476,0.7208333333333333
500,1.6616521,0.8133333333333334
1000,1.8514097,0.9282
3000,1.8971139,0.9527
5000,1.9706783,0.9704
