mu,V0,prob_success
10,0.002043866,0.0026666666666666666
50,0.0024056355,0.0026666666666666666
100,-8.54453e-05,0.0026666666666666666
500,0.0048950394,0.028
1000,0.009690069,0.002
2000,0.011647648,0.0013333333333333333
5000,0.004725102,0.02
10000,0.013068108,0.005333333333333333
