mu,V0,prob_success
10,-0.019442244,0.5206666666666667
50,0.0059349136,0.098
100,0.015793782,0.07666666666666666
500,-0.008867329,0.5006666666666667
1000,-0.019012628,0.444
2000,-0.00032594593,0.09066666666666667
5000,-0.023708805,0.5273333333333333
10000,-0.009463585,0.5093333333333333
