mu,V0,prob_success
10,-0.01502787,0.5313333333333333
50,-0.018914042,0.18
100,-0.028726926,0.534
500,-0.016149718,0.49466666666666664
1000,0.018767135,0.059333333333333335
2000,-0.005518318,0.5113333333333333
5000,-0.012236657,0.5333333333333333
10000,-0.022769775,0.536
