mu,V0,prob_success
10,0.002043866,0.0
100,-8.54453e-05,0.0
1000,0.009690069,0.0
5000,0.004725102,0.008666666666666666
10000,0.013068108,0.0006666666666666666
