mu,V0,prob_success
10,0.1300808,0.28113333333333335
100,1.5586623,0.25806666666666667
500,1.9340936,0.6293
1000,2.0469704,0.7688
3000,2.2695124,0.9095666666666666
5000,2.397404,0.9323666666666667
10000,2.4515383,0.9712666666666666
