mu,V0,prob_success
10,0.14707789,0.23036666666666666
100,1.5236932,0.15663333333333335
200,1.7034471,0.35346666666666665
500,1.8428216,0.5722333333333334
1000,1.9496917,0.7197333333333333
3000,2.1137204,0.8743666666666666
5000,2.1575885,0.9005666666666666
7500,2.2295718,0.9389
