mu,V0,prob_success
100,1.5207978,0.13673333333333335
500,1.8171235,0.5383133333333333
1000,1.9064481,0.6951866666666666
3000,2.0487707,0.8591533333333333
5000,2.0819852,0.9165733333333334
10000,2.1538012,0.9502
20000,2.2590368,0.9710533333333333
