mu,V0,prob_success
10,0.02871859,0.4931
100,0.1959777,0.5098333333333334
200,0.23714945,0.5229333333333334
500,0.115420945,0.5221333333333333
1000,-0.003947008,0.5841333333333333
3000,0.326307,0.5708
5000,0.28268006,0.574
7500,2.1480184,0.6464666666666666
