mu,V0,prob_success
100,1.5155867,0.10616
500,1.7859838,0.49677333333333334
1000,1.8593571,0.64688
3000,1.9698521,0.83092
5000,1.992385,0.90283
10000,2.0865455,0.9437933333333334
20000,2.154918,0.9745466666666667
22500,2.1189473,0.9680266666666667
25000,2.1522057,0.9779266666666667
27500,2.1368113,0.9751333333333333
30000,2.1470785,0.9791066666666667
