mu,V0,prob_success
100,1.5137912,0.09580666666666666
1000,1.864669,0.6589633333333333
5000,2.0204318,0.89907
10000,2.0551977,0.9351133333333334
22500,2.1326034,0.9726733333333333
30000,2.1554132,0.9811033333333333
