mu,V0,V0_std,prob_success
100,1.51154,0.05174572,0.0983
1000,1.9035454,0.116377294,0.7248366666666667
5000,2.0167997,0.1543918,0.877415
12500,2.1048632,0.079085775,0.9461516666666666
15000,2.1303625,0.04836781,0.9607383333333334
16000,2.1561186,0.10896174,0.973405
