mu,V0,V0_std,prob_success
30000,2.5793035,0.17646402,0.9814933333333333
