mu,V0,V0_std,prob_success
100,1.51154,0.05174572,0.0983
1000,1.9035454,0.116377294,0.7248366666666667
5000,2.0167997,0.1543918,0.877415
10000,2.1479309,0.10980082,0.9470583333333333
15000,2.1303625,0.04836781,0.9607383333333334
20000,2.0821688,0.076781996,0.9553983333333333
25000,2.506503,0.17437966,0.9830366666666667
30000,2.1873896,0.11870378,0.984165
