mu,V0,prob_success
10,0.0,0.15933333333333333
100,0.0,0.15933333333333333
1000,0.0,0.15933333333333333
5000,0.6791418,0.9246666666666666
10000,0.82479864,0.9213333333333333
20000,0.7986834,0.928
