mu,V0,prob_success
10,0.0,0.9413333333333334
100,0.0,0.12533333333333332
1000,0.0,0.12533333333333332
5000,0.73869306,0.9493333333333334
10000,0.0,0.12533333333333332
20000,0.9360017,0.9453333333333334
