mu,V0,prob_success
10,4.9413415e-05,0.0007333333333333333
100,5.6011948e-05,0.0002
1000,0.0024950427,0.00013333333333333334
3000,0.0011886376,0.00013333333333333334
5000,0.002385292,0.0005333333333333334
6000,0.0037668427,0.0002
7500,0.0034798975,6.666666666666667e-05
