mu,V0,prob_success
1,0.013355528,0.5035
10,0.17470478,0.5328666666666667
100,1.7442151,0.8786
1000,2.0619845,0.9863333333333333
3000,2.2590315,0.9951666666666666
5000,2.277323,0.9935
6000,2.3129468,0.9968
7500,2.4476674,0.9963
