mu,V0,prob_success
10,0.0,0.15633333333333332
100,0.17983112,0.9375333333333333
1000,0.7300368,0.9405333333333333
3000,0.0,0.15633333333333332
5000,0.0,0.15633333333333332
6000,0.0,0.15633333333333332
7500,0.89661133,0.9428666666666666
