mu,V0,prob_success
10,0.17937669,0.1714
100,1.2436436,0.3668
1000,1.692631,0.8270666666666666
3000,1.8926718,0.9352666666666667
5000,2.0802364,0.9612666666666667
6000,2.0101087,0.9622666666666667
7500,2.1175036,0.9718666666666667
