mu,V0,prob_success
10,0.015635824,0.9466666666666667
100,0.0,0.14266666666666666
1000,0.815895,0.9486666666666667
5000,0.0,0.14266666666666666
10000,1.3247689,0.954
20000,0.0,0.14266666666666666
