mu,V0,prob_success
10,0.0,0.14986666666666668
100,1.0803342e-07,0.0
1000,0.0,0.14986666666666668
3000,0.0,0.14986666666666668
5000,0.036940478,0.0
6000,0.041098606,0.0
7500,0.0,0.14986666666666668
