mu,V0,prob_success
10,0.0,0.0
100,5.122274e-09,0.0
1000,5.7443976e-06,0.0
3000,0.0,0.1518
5000,0.010282794,0.0
6000,0.0064954986,0.0
7500,0.0,0.1518
