mu,V0,prob_success
10,0.18715836,0.139
100,1.2326944,0.3402
1000,1.7016677,0.8247
3000,1.9170089,0.9317333333333333
5000,1.9862479,0.9558
6000,1.9866693,0.9627333333333333
7500,2.1306605,0.9666333333333333
