mu,V0,prob_success
1,0.012738004,0.2870333333333333
10,0.18744256,0.18153333333333332
100,1.2168972,0.30466666666666664
1000,1.6716174,0.8149333333333333
3000,1.8548567,0.9243333333333333
5000,2.0063672,0.9585
6000,1.9957811,0.9573333333333334
7500,2.0857015,0.9686
