mu,V0,prob_success
10,0.0,0.9439333333333333
100,0.02665308,0.9439333333333333
1000,0.0,0.14993333333333334
3000,0.0,0.14993333333333334
5000,1.1520654,0.9471333333333334
6000,1.0929166,0.9477333333333333
7500,1.1555262,0.9438666666666666
