mu,V0,prob_success
1,0.017676162,0.14413333333333334
10,0.20879978,0.19473333333333334
100,1.2159822,0.2947
1000,1.6894526,0.8248666666666666
3000,1.8529,0.9334666666666667
5000,1.909205,0.9523666666666667
6000,1.9796067,0.9592333333333334
7500,1.9889333,0.9621333333333333
