mu,V0,prob_success
10,0.0,6.666666666666667e-05
100,-2.3283064e-09,6.666666666666667e-05
1000,4.656613e-10,6.666666666666667e-05
3000,0.0030512507,0.0
5000,0.01622614,0.0
6000,0.010969633,0.0
7500,-1.3969839e-09,0.0
