mu,V0,prob_success
10,0.0,0.0
100,0.0,0.14546666666666666
1000,5.122274e-09,0.0
3000,0.0,0.14546666666666666
5000,0.08230444,0.0
6000,0.0,0.14546666666666666
7500,0.0,0.14546666666666666
