mu,V0,prob_success
1,0.017747436,0.1206
10,0.19208148,0.1141
100,1.2178228,0.30073333333333335
1000,1.6901815,0.8220666666666666
3000,1.8562052,0.9275333333333333
5000,1.9007325,0.9524666666666667
6000,1.9211316,0.9458
7500,1.958002,0.9655333333333334
