mu,V0,prob_success
1,0.016449694,0.13706666666666667
10,0.19756934,0.09776666666666667
100,1.2301471,0.33366666666666667
1000,1.7067732,0.8200333333333333
3000,1.906315,0.9254
5000,1.9564362,0.9519333333333333
6000,2.0025105,0.9640333333333333
7500,2.089563,0.9566333333333333
