mu,V0,prob_success
10,-0.036511663,0.16933333333333334
100,-0.04858572,0.16133333333333333
1000,-0.09594248,0.16533333333333333
5000,0.56597805,0.9106666666666666
10000,-0.074867785,0.16933333333333334
20000,-0.06606827,0.166
