mu,V0,prob_success
10,0.0,0.146
100,0.0,0.146
1000,0.7787766,0.9466666666666667
2500,0.0,0.146
5000,0.9818916,0.9486666666666667
7500,1.0745485,0.9486666666666667
