mu,V0,prob_success
10,0.02281755,0.9306666666666666
100,0.0,0.162
1000,0.75796837,0.9346666666666666
5000,1.0127933,0.9386666666666666
7500,1.1204443,0.936
10000,0.0,0.162
